stamp_sec,stamp_nsec,x,y,z
1784362435,962525441,-0.714491,0.434073,0.100000
1784362527,173836146,-0.685468,0.485202,0.100000
1784362528,272040219,-0.689036,0.515373,0.100000
1784362529,172707626,-0.663967,0.538328,0.100000
1784362529,977393552,-0.658106,0.571180,0.100000
1784362530,969734644,-0.636497,0.593186,0.100000
1784362532,265291773,-0.642973,0.624500,0.100000
1784362532,769333939,-0.633568,0.656222,0.100000
1784362535,367128993,-0.625368,0.689344,0.100000
1784362535,866711770,-0.641001,0.717316,0.100000
1784362536,860604436,-0.658981,0.742188,0.100000
1784362538,867778695,-0.672582,0.771948,0.100000
1784362539,563225342,-0.690411,0.797865,0.100000
1784362540,462672286,-0.684098,0.828476,0.100000
1784362541,963215045,-0.699988,0.854107,0.100000
1784362542,557617322,-0.704943,0.886968,0.100000
1784362543,960150932,-0.698608,0.922723,0.100000
1784362544,259276376,-0.695124,0.953255,0.100000
1784362544,758009524,-0.706104,0.981219,0.100000
1784362546,856668931,-0.720392,1.008612,0.100000
1784362547,456617152,-0.718915,1.041847,0.100000
1784362548,52667782,-0.702967,1.072272,0.100000
1784362549,650170707,-0.690675,1.100362,0.100000
1784362550,652395113,-0.664498,1.116954,0.100000
1784362552,55402446,-0.632389,1.118579,0.100000
1784362553,842461815,-0.601985,1.122451,0.100000
1784362555,946988684,-0.633272,1.122964,0.100000
1784362559,42207571,-0.657447,1.141305,0.100000
1784362560,938491978,-0.626785,1.135830,0.100000
1784362562,140237533,-0.617328,1.168460,0.100000
1784362562,437058106,-0.631712,1.196366,0.100000
1784362563,333396624,-0.627634,1.226103,0.100000
1784362565,135065883,-0.631633,1.191840,0.100000
1784362566,131477438,-0.638068,1.225643,0.100000
1784362567,933476788,-0.617056,1.250485,0.100000
1784362569,34410140,-0.607062,1.281114,0.100000
1784362573,427395785,-0.576790,1.284827,0.100000
1784362577,525574931,-0.545527,1.280625,0.100000
1784362581,533714169,-0.515766,1.293226,0.100000
1784362582,919644835,-0.485318,1.301329,0.100000
1784362583,914522075,-0.473243,1.341380,0.100000
1784362584,113663853,-0.475217,1.384520,0.100000
1784362584,312280260,-0.480152,1.417257,0.100000
1784362584,613380723,-0.510172,1.418431,0.100000
1784362585,813378833,-0.532944,1.398224,0.100000
1784362595,4170846,-0.515212,1.373397,0.100000
1784362599,207652381,-0.499264,1.345356,0.100000
1784362600,203800065,-0.487723,1.384430,0.100000
1784362600,403878399,-0.460158,1.404526,0.100000
1784362600,603630195,-0.425400,1.414794,0.100000
1784362600,804174028,-0.394563,1.426127,0.100000
1784362601,109829694,-0.375527,1.450718,0.100000
1784362601,303708139,-0.363585,1.487697,0.100000
1784362601,504916676,-0.359129,1.518473,0.100000
1784362601,707749472,-0.350906,1.564282,0.100000
1784362602,5524138,-0.342199,1.599505,0.100000
1784362602,306764620,-0.310863,1.619769,0.100000
1784362602,502941231,-0.269839,1.631799,0.100000
1784362602,707233842,-0.234007,1.647868,0.100000
1784362603,114254490,-0.186852,1.669257,0.100000
1784362603,306316193,-0.148678,1.686560,0.100000
1784362603,504188193,-0.121409,1.700611,0.100000
1784362603,897931452,-0.101076,1.726896,0.100000
1784362604,502967637,-0.082292,1.754768,0.100000
1784362604,899384766,-0.053175,1.773368,0.100000
1784362605,105485322,-0.023210,1.786626,0.100000
1784362605,307778359,0.004626,1.806839,0.100000
1784362605,500170562,0.039871,1.829786,0.100000
1784362605,697723525,0.076589,1.856440,0.100000
1784362605,903294469,0.096198,1.900924,0.100000
1784362606,102779747,0.112197,1.948115,0.100000
1784362606,301884432,0.124315,1.993343,0.100000
1784362606,502627525,0.131609,2.042402,0.100000
1784362606,704786450,0.140406,2.083559,0.100000
1784362606,902709339,0.151018,2.125169,0.100000
1784362606,999057728,0.167697,2.152277,0.100000
1784362607,100672172,0.174340,2.183153,0.100000
1784362607,198818432,0.181801,2.213425,0.100000
1784362607,295489728,0.188390,2.254124,0.100000
1784362607,491996524,0.183640,2.296740,0.100000
1784362607,696367246,0.173631,2.348351,0.100000
1784362607,895806598,0.149979,2.397511,0.100000
1784362607,997719968,0.139097,2.435674,0.100000
1784362608,96316135,0.119769,2.461177,0.100000
1784362608,296501542,0.078444,2.496255,0.100000
1784362608,499762097,0.045833,2.547126,0.100000
1784362608,597640486,0.027659,2.574538,0.100000
1784362608,699792986,0.019517,2.606870,0.100000
1784362608,797008560,0.004167,2.634411,0.100000
1784362608,897417523,-0.010148,2.660959,0.100000
1784362609,4720708,-0.044506,2.679582,0.100000
1784362609,199988134,-0.073667,2.723480,0.100000
1784362609,298035319,-0.113451,2.747430,0.100000
1784362609,497615912,-0.155920,2.786266,0.100000
1784362609,597362801,-0.182887,2.803524,0.100000
1784362609,796686726,-0.244355,2.834408,0.100000
1784362609,994924411,-0.298966,2.857172,0.100000
1784362610,199802671,-0.298140,2.887624,0.100000
1784362610,393611374,-0.331275,2.930080,0.100000
1784362610,496098263,-0.349500,2.959404,0.100000
1784362610,597990800,-0.378129,2.993371,0.100000
1784362610,797240189,-0.411329,3.040680,0.100000
1784362611,832818,-0.434280,3.079914,0.100000
1784362611,198732763,-0.476738,3.107839,0.100000
1784362611,405757670,-0.507079,3.130787,0.100000
1784362611,595188281,-0.535021,3.147377,0.100000
1784362611,894761336,-0.545639,3.183758,0.100000
1784362612,200543855,-0.541348,3.232960,0.100000
1784362612,390762743,-0.544123,3.266839,0.100000
1784362612,990846261,-0.578951,3.268763,0.100000
1784362613,297417872,-0.621962,3.262989,0.100000
1784362613,594076631,-0.683912,3.251031,0.100000
1784362613,893396928,-0.721726,3.271915,0.100000
1784362613,989599002,-0.712755,3.306984,0.100000
1784362614,289403816,-0.751558,3.323035,0.100000
1784362614,388616835,-0.770576,3.288110,0.100000
1784362614,995380834,-0.789654,3.256489,0.100000
1784362615,294670593,-0.799270,3.227994,0.100000
1784362615,590135223,-0.834334,3.241136,0.100000
1784362615,891866278,-0.870994,3.262676,0.100000
1784362616,285780297,-0.891596,3.285269,0.100000
1784362616,980532629,-0.865941,3.265145,0.100000
1784362617,383624333,-0.876100,3.228990,0.100000
1784362617,987985370,-0.855996,3.202003,0.100000
1784362618,785843443,-0.824308,3.186198,0.100000
1784362619,83854147,-0.797223,3.163969,0.100000
1784362619,281935350,-0.775696,3.140911,0.100000
1784362619,480597072,-0.741606,3.118346,0.100000
1784362620,487944368,-0.721641,3.090875,0.100000
1784362620,687842849,-0.685229,3.076689,0.100000
1784362620,886358664,-0.644068,3.061274,0.100000
1784362621,89355812,-0.592216,3.027685,0.100000
1784362621,383342627,-0.555144,3.008431,0.100000
1784362621,684770275,-0.521473,2.972282,0.100000
1784362621,785387867,-0.494408,2.954430,0.100000
1784362621,887576182,-0.472835,2.932180,0.100000
1784362621,985576349,-0.451801,2.910086,0.100000
1784362622,184596904,-0.429733,2.880810,0.100000
1784362622,281704904,-0.404603,2.861837,0.100000
1784362622,482687367,-0.375033,2.843159,0.100000
1784362622,678469552,-0.336995,2.814080,0.100000
1784362622,780012274,-0.309861,2.798322,0.100000
1784362622,876734459,-0.282608,2.783669,0.100000
1784362622,977199274,-0.227002,2.755657,0.100000
1784362623,77211163,-0.195677,2.742305,0.100000
1784362623,376074329,-0.161431,2.727896,0.100000
1784362623,677313885,-0.151489,2.686395,0.100000
1784362623,778015866,-0.122724,2.656213,0.100000
1784362623,978390440,-0.099666,2.624579,0.100000
1784362624,176576366,-0.048546,2.613821,0.100000
1784362624,379445847,-0.018875,2.584270,0.100000
1784362624,678022532,0.025643,2.559677,0.100000
1784362624,881915717,0.058733,2.545043,0.100000
1784362625,77680921,0.108462,2.520347,0.100000
1784362625,377609921,0.139400,2.492132,0.100000
1784362625,580626698,0.177373,2.436942,0.100000
1784362625,785165643,0.198418,2.391990,0.100000
1784362625,987356254,0.228490,2.367163,0.100000
1784362626,84188420,0.247568,2.334392,0.100000
1784362626,186913717,0.266216,2.299788,0.100000
1784362626,289603068,0.279214,2.272669,0.100000
1784362626,486351031,0.309930,2.248947,0.100000
1784362626,779969124,0.348864,2.224512,0.100000
1784362626,880118198,0.405002,2.189840,0.100000
1784362627,85079994,0.447736,2.143740,0.100000
1784362627,183776920,0.477403,2.152916,0.100000
1784362627,278714123,0.503267,2.137188,0.100000
1784362627,476725345,0.541520,2.117052,0.100000
1784362627,677844068,0.566826,2.082319,0.100000
1784362627,882839790,0.581254,2.031719,0.100000
1784362628,79121456,0.603325,1.976496,0.100000
1784362628,281871345,0.614579,1.927799,0.100000
1784362628,479309382,0.638214,1.873531,0.100000
1784362628,674695585,0.655326,1.836860,0.100000
1784362628,976671030,0.693827,1.765195,0.100000
1784362629,70809159,0.679698,1.736182,0.100000
1784362629,271602270,0.717778,1.696553,0.100000
1784362629,572888029,0.715968,1.646520,0.100000
1784362629,772699548,0.701825,1.614541,0.100000
1784362629,974329251,0.684001,1.579207,0.100000
1784362630,75664529,0.706557,1.546433,0.100000
1784362630,379930696,0.705528,1.510182,0.100000
1784362630,679666010,0.696133,1.465601,0.100000
1784362630,879018677,0.668955,1.424992,0.100000
1784362631,78349991,0.635808,1.392077,0.100000
1784362631,176208454,0.612534,1.370149,0.100000
1784362631,277801751,0.585581,1.345137,0.100000
1784362631,376740065,0.558689,1.319249,0.100000
1784362631,475704991,0.532782,1.293494,0.100000
1784362631,677726695,0.491355,1.274104,0.100000
1784362631,776885417,0.455744,1.226952,0.100000
1784362631,882595509,0.428741,1.207247,0.100000
1784362632,77877120,0.382698,1.181910,0.100000
1784362632,278442454,0.340827,1.167356,0.100000
1784362632,480419991,0.286118,1.182500,0.100000
1784362632,577408602,0.248902,1.157613,0.100000
1784362632,677777046,0.218519,1.147121,0.100000
1784362632,779217657,0.186769,1.135020,0.100000
1784362632,877803546,0.160630,1.117538,0.100000
1784362632,980048194,0.134354,1.099547,0.100000
1784362633,179437009,0.093172,1.078283,0.100000
1784362633,276961768,0.058995,1.060290,0.100000
1784362633,476273823,0.022716,1.049321,0.100000
1784362633,677794064,-0.013668,1.037176,0.100000
1784362633,871541008,-0.069807,1.025684,0.100000
1784362633,972128453,-0.101914,1.008598,0.100000
1784362634,75348027,-0.128449,0.982670,0.100000
1784362634,171578656,-0.147798,0.954838,0.100000
1784362634,276846360,-0.189526,0.922933,0.100000
1784362634,371241045,-0.251390,0.892792,0.100000
1784362634,473742582,-0.274386,0.863092,0.100000
1784362634,569568230,-0.298781,0.837976,0.100000
1784362634,774889026,-0.374067,0.777746,0.100000
1784362634,974196971,-0.401608,0.743095,0.100000
1784362635,175751915,-0.423280,0.720676,0.100000
1784362635,475625137,-0.426739,0.688389,0.100000
1784362635,877969877,-0.452771,0.645263,0.100000
1784362636,275658025,-0.478655,0.623579,0.100000
1784362636,572369266,-0.516415,0.618969,0.100000
1784362636,772427821,-0.549190,0.603322,0.100000
1784362637,468758525,-0.517825,0.608188,0.100000
1784362637,766612210,-0.492298,0.627428,0.100000
1784362638,67140709,-0.470505,0.654954,0.100000
1784362638,864263579,-0.481955,0.626526,0.100000
1784362639,357958412,-0.484185,0.588518,0.100000
1784362641,265505615,-0.467529,0.561600,0.100000
1784362721,584804086,-0.455270,0.534136,0.100000
1784362766,539247337,-0.438081,0.507908,0.100000
1784362767,638940947,-0.467792,0.517220,0.100000
1784362768,839664539,-0.455846,0.552289,0.100000
1784362769,39465780,-0.469444,0.580811,0.100000
1784362769,339579205,-0.489544,0.618025,0.100000
1784362769,739412353,-0.488233,0.659176,0.100000
1784362770,35532594,-0.487887,0.689516,0.100000
1784362770,636097723,-0.489802,0.721143,0.100000
1784362770,936632482,-0.459409,0.750031,0.100000
1784362771,36530464,-0.493269,0.750227,0.100000
1784362771,339091037,-0.515251,0.778303,0.100000
1784362771,744758445,-0.534753,0.807617,0.100000
1784362772,340786222,-0.522154,0.836656,0.100000
1784362772,638408759,-0.488712,0.836198,0.100000
1784362772,938939407,-0.464042,0.885635,0.100000
1784362773,135507555,-0.493676,0.910374,0.100000
1784362773,335763758,-0.500440,0.942824,0.100000
1784362773,537154536,-0.509090,0.973289,0.100000
1784362773,935264684,-0.512860,1.009877,0.100000
1784362774,332008869,-0.538748,1.025138,0.100000
1784362774,836588906,-0.553570,1.054313,0.100000
1784362775,132492109,-0.569275,1.086021,0.100000
1784362775,432265498,-0.556712,1.117975,0.100000
1784362776,31059979,-0.543062,1.153063,0.100000
1784362776,231063146,-0.573799,1.190153,0.100000
1784362776,533667757,-0.569060,1.224895,0.100000
1784362777,30639571,-0.590733,1.247082,0.100000
1784362777,428994367,-0.570427,1.276969,0.100000
1784362778,634180329,-0.570809,1.307479,0.100000
1784362779,30051755,-0.559391,1.340157,0.100000
1784362779,732786014,-0.563036,1.372527,0.100000
1784362780,428257106,-0.565880,1.404633,0.100000
1784362781,726301679,-0.582935,1.430870,0.100000
1784362782,329921364,-0.566657,1.460565,0.100000
1784362783,819691623,-0.561533,1.490335,0.100000
1784362786,319837454,-0.541426,1.516124,0.100000
1784362788,414007898,-0.559108,1.540676,0.100000
1784362789,513311064,-0.550597,1.508781,0.100000
1784362790,818532359,-0.545716,1.478503,0.100000
1784362793,513706987,-0.522454,1.458516,0.100000
1784362794,414459227,-0.540569,1.433322,0.100000
1784362796,408319504,-0.564866,1.453726,0.100000
1784362796,507872393,-0.564133,1.417708,0.100000
1784362797,409374948,-0.585552,1.441167,0.100000
1784362799,409705502,-0.554527,1.432014,0.100000
1784362802,109701778,-0.584688,1.438711,0.100000
1784362803,396769185,-0.592049,1.470777,0.100000
1784362806,1348702,-0.577793,1.497565,0.100000
1784362808,394481275,-0.582598,1.528617,0.100000
1784362810,291929514,-0.556498,1.510115,0.100000
1784362811,887860698,-0.527243,1.498515,0.100000
1784362812,288904569,-0.530596,1.468597,0.100000
1784362814,490590290,-0.555702,1.487301,0.100000
1784362814,989794141,-0.590444,1.474870,0.100000
1784362815,691036141,-0.594496,1.507184,0.100000
1784362820,384387286,-0.564516,1.495732,0.100000
1784362823,283966099,-0.594615,1.500073,0.100000
1784362825,777404431,-0.565344,1.491572,0.100000
1784362829,885619410,-0.596216,1.488161,0.100000
1784362830,980450020,-0.623669,1.503987,0.100000
1784362835,75268759,-0.595936,1.491174,0.100000
1784362837,667744553,-0.565953,1.485268,0.100000
1784362841,568124607,-0.595672,1.490336,0.100000
1784362841,969400329,-0.626852,1.498248,0.100000
1784362843,268331476,-0.598323,1.483898,0.100000
1784362845,962914197,-0.620127,1.462192,0.100000
1784362846,261621993,-0.659517,1.443841,0.100000
1784362846,562879474,-0.686261,1.422673,0.100000
1784362846,663801881,-0.704562,1.448122,0.100000
1784362847,960619751,-0.663542,1.470281,0.100000
1784362848,160934288,-0.624710,1.519249,0.100000
1784362848,259312214,-0.608724,1.545793,0.100000
1784362848,458287899,-0.573795,1.555273,0.100000
1784362848,957085065,-0.619788,1.553994,0.100000
1784362849,63047287,-0.649023,1.523297,0.100000
1784362849,160095936,-0.670452,1.487653,0.100000
1784362849,267338121,-0.695183,1.456801,0.100000
1784362849,466221491,-0.738359,1.442226,0.100000
1784362850,65149953,-0.720272,1.414517,0.100000
1784362850,766843175,-0.694797,1.453363,0.100000
1784362850,861853286,-0.690222,1.485527,0.100000
1784362850,964679971,-0.683348,1.516734,0.100000
1784362851,163656434,-0.666965,1.569466,0.100000
1784362851,361412916,-0.642700,1.616753,0.100000
1784362851,566605304,-0.614932,1.660234,0.100000
1784362851,765192860,-0.550773,1.692482,0.100000
1784362852,255193508,-0.499561,1.704950,0.100000
1784362852,456159322,-0.461874,1.697539,0.100000
1784362852,556795508,-0.457850,1.665554,0.100000
1784362852,856449026,-0.504319,1.628094,0.100000
1784362853,860915822,-0.479574,1.594129,0.100000
1784362854,158642266,-0.510238,1.608893,0.100000
1784362854,255064173,-0.544808,1.615919,0.100000
1784362854,360472136,-0.603530,1.621148,0.100000
1784362854,455113803,-0.672704,1.612974,0.100000
1784362854,558906321,-0.742820,1.573359,0.100000
1784362854,657006229,-0.780482,1.521878,0.100000
1784362854,755060840,-0.827096,1.475915,0.100000
1784362854,856707099,-0.859253,1.439146,0.100000
1784362854,956232451,-0.869096,1.409387,0.100000
1784362855,165046006,-0.833330,1.381710,0.100000
1784362855,260425024,-0.801147,1.379207,0.100000
1784362855,359091265,-0.767257,1.377710,0.100000
1784362855,561574969,-0.715866,1.372113,0.100000
1784362855,760085932,-0.680380,1.377741,0.100000
1784362856,59518876,-0.656025,1.401278,0.100000
1784362856,260186672,-0.616489,1.431812,0.100000
1784362856,360632635,-0.591765,1.451877,0.100000
1784362856,456999598,-0.571321,1.474806,0.100000
1784362856,557926005,-0.542330,1.501367,0.100000
1784362856,658749264,-0.521890,1.538886,0.100000
1784362856,758443098,-0.482530,1.585932,0.100000
1784362856,858857986,-0.462916,1.634941,0.100000
1784362856,954056838,-0.390589,1.675738,0.100000
1784362857,158403412,-0.377795,1.706529,0.100000
1784362857,350813171,-0.417381,1.709009,0.100000
1784362857,454568579,-0.449877,1.710753,0.100000
1784362857,651492356,-0.520460,1.694384,0.100000
1784362857,755422190,-0.555410,1.683553,0.100000
1784362857,854766541,-0.590947,1.670426,0.100000
1784362858,64229597,-0.623749,1.672128,0.100000
1784362858,259678708,-0.601471,1.700379,0.100000
1784362858,456228152,-0.542553,1.730671,0.100000
1784362859,747090337,-0.570197,1.632524,0.100000
1784362867,846818850,-0.539238,1.620704,0.100000
1784362868,242173369,-0.572895,1.636346,0.100000
1784362868,443621128,-0.614079,1.661754,0.100000
1784362868,744544072,-0.644591,1.663198,0.100000
1784362868,942191720,-0.672727,1.642699,0.100000
1784362869,144764331,-0.723885,1.671427,0.100000
1784362869,240964386,-0.757510,1.689723,0.100000
1784362869,345520461,-0.811385,1.732864,0.100000
1784362869,544686183,-0.847475,1.761393,0.100000
1784362869,645251849,-0.880684,1.780356,0.100000
1784362869,744666590,-0.911774,1.803580,0.100000
1784362869,848293312,-0.932006,1.826326,0.100000
1784362870,45255793,-0.952527,1.865324,0.100000
1784362870,942069163,-0.991812,1.870515,0.100000
1784362871,342535885,-0.965204,1.894206,0.100000
1784362871,640350996,-0.963944,1.926911,0.100000
1784362872,542588996,-0.991236,1.941487,0.100000
